"Jugador";"Tarjetas_amarillas";"Tarjetas_rojas";"Minutos_totales";"tarjetas_recibidas";"tarjetas_por_minuto"
"Sandro Tonali";3;0;1;3;3
"Rúben Dias";2;0;1;2;2
"André Onana";2;0;1;2;2
"Valentin Carboni";1;0;15;1;0.0666666666666667
"Fodé Ballo-Touré";2;0;135;2;0.0148148148148148
"Marcel Sabitzer";3;0;280;3;0.0107142857142857
"Mykhailo Mudryk";1;0;94;1;0.0106382978723404
"Juan Jesus";2;0;205;2;0.00975609756097561
"Roberto Gagliardini";1;0;116;1;0.00862068965517241
"Benjamin Pavard";4;1;592;5;0.00844594594594595
"João Cancelo";1;0;123;1;0.00813008130081301
"Petar Musa";1;0;129;1;0.00775193798449612
"Malick Thiaw";2;0;275;2;0.00727272727272727
"Enzo Fernández";3;0;427;3;0.00702576112412178
"Mason Mount";3;0;441;3;0.00680272108843537
"Hakim Ziyech";1;0;148;1;0.00675675675675676
"Conor Gallagher";2;0;301;2;0.00664451827242525
"Divock Origi";1;0;154;1;0.00649350649350649
"Tommaso Pobega";1;0;163;1;0.00613496932515337
"Fikayo Tomori";4;1;827;5;0.0060459492140266
"Josip Stanišić";2;0;349;2;0.00573065902578797
"Romelu Lukaku";1;0;185;1;0.00540540540540541
"Noussair Mazraoui";2;0;392;2;0.00510204081632653
"Gilberto";1;0;201;1;0.00497512437810945
"Matteo Politano";2;0;403;2;0.00496277915632754
"Lucas Vázquez";1;0;202;1;0.00495049504950495
"Rade Krunić";4;0;823;4;0.00486026731470231
"Marc Cucurella";2;0;414;2;0.00483091787439614
"Matteo Gabbia";1;0;211;1;0.004739336492891
"Andre-Frank Zambo Anguissa";2;1;650;3;0.00461538461538462
"David Neres";2;0;444;2;0.0045045045045045
"Reece James";3;0;691;3;0.00434153400868307
"Charles De Ketelaere";1;0;234;1;0.00427350427350427
"Eduardo Camavinga";3;0;721;3;0.00416088765603329
"Davide Calabria";2;0;497;2;0.00402414486921529
"İlkay Gündoğan";4;0;994;4;0.00402414486921529
"Éder Militão";3;0;747;3;0.00401606425702811
"Giacomo Raspadori";1;0;250;1;0.004
"Kim Min-jae";3;0;785;3;0.00382165605095541
"Nicolás Otamendi";3;0;793;3;0.00378310214375788
"Joshua Kimmich";3;0;810;3;0.0037037037037037
"Ben Chilwell";1;1;556;2;0.00359712230215827
"Kalidou Koulibaly";2;0;568;2;0.00352112676056338
"Elif Elmas";1;0;285;1;0.00350877192982456
"Dani Carvajal";3;0;869;3;0.00345224395857307
"Aymeric Laporte";1;0;292;1;0.00342465753424658
"Stefan de Vrij";1;0;299;1;0.00334448160535117
"Sergio Gómez";0;1;305;1;0.00327868852459016
"Amir Rrahmani";2;0;613;2;0.0032626427406199
"Mateo Kovačić";2;0;621;2;0.00322061191626409
"Thiago Silva";2;0;640;2;0.003125
"Nicolò Barella";3;0;991;3;0.00302724520686176
"Enzo Fernández";1;0;332;1;0.00301204819277108
"Lautaro Martínez";3;0;997;3;0.00300902708124373
"Ferland Mendy";1;0;347;1;0.00288184438040346
"Gonçalo Ramos";2;0;712;2;0.00280898876404494
"Dayot Upamecano";2;0;713;2;0.00280504908835905
"Federico Dimarco";2;0;728;2;0.00274725274725275
"Alexis Saelemaekers";1;0;371;1;0.00269541778975741
"João Cancelo";1;0;376;1;0.00265957446808511
"Phil Foden";1;0;384;1;0.00260416666666667
"Mário Rui";1;0;386;1;0.00259067357512953
"Wesley Fofana";1;0;397;1;0.00251889168765743
"Kepa Arrizabalaga";2;0;810;2;0.00246913580246914
"Edin Džeko";2;0;824;2;0.00242718446601942
"Toni Kroos";2;0;842;2;0.00237529691211401
"Victor Osimhen";1;0;421;1;0.00237529691211401
"Robin Gosens";1;0;426;1;0.00234741784037559
"Florentino Luís";2;0;859;2;0.00232828870779977
"João Mário";2;0;861;2;0.00232288037166086
"Giovanni Di Lorenzo";2;0;888;2;0.00225225225225225
"Henrikh Mkhitaryan";2;0;906;2;0.0022075055187638
"Bernardo Silva";2;0;911;2;0.0021953896816685
"Manuel Akanji";2;0;945;2;0.00211640211640212
"Theo Hernández";2;0;945;2;0.00211640211640212
"Julián Álvarez";1;0;474;1;0.00210970464135021
"Alessandro Bastoni";2;0;983;2;0.00203458799593082
"Ederson";2;0;990;2;0.00202020202020202
"Mathías Olivera";1;0;514;1;0.00194552529182879
"Marcelo Brozović";1;0;549;1;0.00182149362477231
"Ismaël Bennacer";1;0;585;1;0.00170940170940171
"Alphonso Davies";1;0;602;1;0.00166112956810631
"Brahim Díaz";1;0;602;1;0.00166112956810631
"Leon Goretzka";1;0;606;1;0.00165016501650165
"Nathan Aké";1;0;608;1;0.00164473684210526
"Matthijs de Ligt";1;0;614;1;0.00162866449511401
"Piotr Zieliński";1;0;619;1;0.00161550888529887
"Mike Maignan";1;0;630;1;0.00158730158730159
"Raheem Sterling";1;0;630;1;0.00158730158730159
"Alexander Bah";1;0;654;1;0.00152905198776758
"Kevin De Bruyne";1;0;716;1;0.00139664804469274
"Hakan Çalhanoğlu";1;0;804;1;0.00124378109452736
"Rafa Silva";1;0;819;1;0.00122100122100122
"Matteo Darmian";1;0;821;1;0.00121802679658952
"Erling Haaland";1;0;841;1;0.00118906064209275
"António Silva";1;0;894;1;0.00111856823266219
"Francesco Acerbi";1;0;921;1;0.001085776330076
"Olivier Giroud";1;0;932;1;0.00107296137339056
"Jack Grealish";1;0;933;1;0.00107181136120043
"Vinicius Júnior";1;0;972;1;0.00102880658436214
"Rodri";1;0;995;1;0.00100502512562814
